Eigenvector_cen,Degree,Closeness,Betweenness,Pagerank
climate_warming,climate_change,public_health,climate_change,climate_change
public_health,poor_science,certain_disease,climate_warming,climate_warming
certain_disease,climate_warming,cataclysmic_event,health_impact,health_impact
climate_change,warm,health_impact,food,food
food,health_impact,climate_change,cool,certain_disease
health_impact,global_temperature,global_temperature,certain_disease,global_temperature
cool,high_school,food,warm_period,move
cataclysmic_event,public_health,ocean_current,warm,public_health
ignorant_unread_climate_denier,certain_disease,move,global_temperature,cataclysmic_event
ocean_current,cataclysmic_event,long_time,cataclysmic_event,cool
long_time,food,climate_warming,excess,poor_science
global_temperature,warm_period,natural_environment,ocean_current,ignorant_unread_climate_denier
natural_environment,cool,cool,plan,metabolic_heat
warm_period,deal,ignorant_unread_climate_denier,imprison_people,long_time
move,imprison_people,warm_period,population_increase,ocean_current
warm,move,excess,evidence,warm
solar_cycle,academy,metabolic_heat,poor_science,excess
radiation_phase,planet,warm,radiation_phase,drought_proof
excess,long_time,radiation_phase,warming_trend,th_century
warming_trend,daytime_heat_extreme,poor_science,high_school,warm_period
metabolic_heat,natural_mean,solar_cycle,billions_home,soviet
poor_science,plan,warming_trend,planet,natural_environment
drought_proof,excess,drought_proof,monash_university,australian
th_century,drought_proof,th_century,move,plan
public_health_researcher,ocean_current,public_health_researcher,inter-decadal_record,person
soviet,group,soviet,september,solar_cycle
person,warming_effect,person,public_health,public_health_researcher
australian,radiation_phase,australian,key_area,radiation_phase
high_school,monash_university,planet,academy,high_school
monash_university,population_increase,plan,soviet,billions_home
billions_home,inter-decadal_record,population_increase,billion,monash_university
plan,september,billions_home,th_century,planet
planet,soviet,imprison_people,sense,imprison_people
population_increase,th_century,inter-decadal_record,right_call,key_area
imprison_people,warming_trend,high_school,ignorant_unread_climate_denier,inter-decadal_record
key_area,right_call,key_area,metabolic_heat,population_increase
evidence,ignorant_unread_climate_denier,evidence,solar_cycle,ice_age
ice_age,evidence,ice_age,long_time,evidence
inter-decadal_record,metabolic_heat,monash_university,daytime_heat_extreme,warming_trend
september,solar_cycle,september,physical_science_issue,september
academy,public_health_researcher,academy,natural_mean,academy
billion,person,billion,public_health_researcher,billion
daytime_heat_extreme,health_problem,sense,person,daytime_heat_extreme
physical_science_issue,tell,right_call,ice_age,physical_science_issue
natural_mean,challenge,daytime_heat_extreme,health_problem,natural_mean
sense,australian,physical_science_issue,drought_proof,sense
tell,billions_home,natural_mean,tell,tell
deal,key_area,health_problem,deal,deal
food_waste,billion,tell,food_waste,food_waste
challenge,sense,deal,group,challenge
group,physical_science_issue,food_waste,warming_effect,group
warming_effect,ice_age,group,challenge,warming_effect
health_problem,food_waste,warming_effect,australian,health_problem
right_call,natural_environment,challenge,natural_environment,right_call
